id,created_at,retweets,likes,replies,quotes,user_followers,user_following,user_listed,user_tweets,has_media,url,lang,text,Weekday,DayOfWeek,Hour,words,Dominant_topic,Dominant_score,topic_1,topic_2
1507544558057385985,2022-03-26 02:26:46+00:00,0,0,0,0,1002,2684,5,20536,True,https://pbs.twimg.com/media/FOvfyH4VEAQvNwj.jpg,en,"@AConcernedPare2 The bigger the agenda the more time and resources are put into creating the problem in the mind of the public. People broken by Covid are less likely to see through climate lies. A video to check out-

https://t.co/fOWpld0iJZ https://t.co/CBJIoV1pHW",Saturday,5,2,"['big', 'agenda', 'time', 'resource', 'put', 'create', 'problem', 'mind', 'public', 'people', 'break', 'less', 'likely', 'see', 'climate', 'lie', 'video', 'check', 'fowpld', 'ijz', 'cbjiov', 'phw']",1,0.9696784019470215,0.9696784019470215,0.03032161481678486
1507544527392882688,2022-03-26 02:26:38+00:00,0,0,0,0,2154,4341,4,31834,True,https://pbs.twimg.com/media/FOvfwXJXwAEiRNq.jpg,en,"Lying ass CDC, Now Removes 72,277 people who did not die of Covid-19‚Ä¶.yea, we allready knew that, and told them months ago, but were stupid‚Ä¶. https://t.co/Wff97qFK41",Saturday,5,2,"['lie', 'ass', 'cdc', 'remove', 'people', 'die', 'yea', 'allready', 'know', 'tell', 'month', 'ago', 'stupid', 'qfk']",2,0.9641188383102417,0.03588114678859711,0.9641188383102417
1507544458769879041,2022-03-26 02:26:22+00:00,4558,0,0,0,4,104,1,200,True,https://pbs.twimg.com/media/FOfc7pSXsAcfYeq.jpg,en,RT @DonaldJTrumpJr: COVID is going to kill itself!!! https://t.co/4u0W4sovvU,Saturday,5,2,"['go', 'kill', 'sovvu']",2,0.8640071153640747,0.13599294424057007,0.8640071153640747
1507544448145641477,2022-03-26 02:26:19+00:00,0,0,0,0,1259,2376,2,39492,True,https://pbs.twimg.com/media/FOvfr6LUcAUS0Kq.jpg,en,"@AuroraO83 @jsdpharmd Let me straighten you out with FACTS and FEELINGS: the vaxxes don't work as anyone who got onecan STILL CONTRACT, SPREAD AND BE SICKENED BY COVID. We are in hyper inflation. Crime has escalated and now we are staring into the abyss of WWIII. All under Biden's watch. https://t.co/eEknFQ5LtP",Saturday,5,2,"['let', 'straighten', 'fact', 'feeling', 'vaxxe', 'work', 'get', 'still', 'contract', 'spread', 'sickened', 'hyper', 'inflation', 'crime', 'escalate', 'stare', 'abyss', 'wwiii', 'biden', 'watch', 'eeknfq', 'ltp']",1,0.9757855534553528,0.9757855534553528,0.02421443536877632
1507544405531676676,2022-03-26 02:26:09+00:00,0,0,0,0,457,442,0,11194,True,https://pbs.twimg.com/media/FOvfpbmWUActgTK.jpg,en,I love being covid free https://t.co/HUDj3e4XIg https://t.co/keaU8okKAX,Saturday,5,2,"['love', 'free']",1,0.8310727477073669,0.8310727477073669,0.16892723739147186
1507544388045783042,2022-03-26 02:26:05+00:00,0,0,0,0,64,11,0,149525,True,https://pbs.twimg.com/media/FOvfoYZVUAAesYJ.jpg,en,7 Day US Covid Confirmed Cases by County  For PA   2022-03-22:  Latest Covid Insights by Our Analytics Team using USAFacts #datavisualization #datascience #analytics #healthtech #data #covid19 #publichealth #covid #globalhealth #RStats https://t.co/PHGkyHpztJ,Saturday,5,2,"['day', 'confirm', 'case', 'county', 'late', 'insight', 'analytic', 'team', 'use', 'usafact', 'datascience', 'analytic', 'healthtech', 'datum', 'publichealth', 'globalhealth', 'rstat', 'phgkyhpztj']",2,0.9733761548995972,0.02662387117743492,0.9733761548995972
1507544382555123713,2022-03-26 02:26:04+00:00,0,0,0,0,10,105,0,5940,True,https://pbs.twimg.com/media/FOvfoHoVEAI9I-4.jpg,en,COVID updates: Every state and territory's coronavirus numbers in one place https://t.co/VPp2rJYlPR https://t.co/u6mFrlqrT6,Saturday,5,2,"['update', 'state', 'coronavirus', 'number', 'place', 'vpp', 'rjylpr']",1,0.9315560460090637,0.9315560460090637,0.06844397634267807
1507544369242517505,2022-03-26 02:26:01+00:00,0,0,0,0,8007,150,143,2936,True,https://pbs.twimg.com/media/FOvfnWtWQAIdYf5.jpg,en,"The COVID-19 Daily Update is now available on local cases, deaths, and hospitalizations. View the full Deschutes County dashboard: https://t.co/Ji8oIKy095 https://t.co/DzEIKD6uuf",Saturday,5,2,"['daily', 'update', 'available', 'local', 'case', 'death', 'view', 'full', 'deschute', 'county', 'dashboard']",2,0.9497506618499756,0.05024934187531471,0.9497506618499756
1507544273046196224,2022-03-26 02:25:38+00:00,1,0,0,0,244,47,2,113016,True,https://pbs.twimg.com/media/FOpGZIYVQBAv7GS.jpg,en,"RT @GlobalNational: COVID-19: 895 cases in Saskatchewan reported, deaths increase https://t.co/1JIuMUPZnf https://t.co/d9ihCR2MJa",Saturday,5,2,"['case', 'report', 'death', 'increase', 'jiumupznf', 'ihcr', 'mja']",2,0.9346489310264587,0.06535106897354126,0.9346489310264587
1507544257623646212,2022-03-26 02:25:34+00:00,28,0,0,0,82,93,0,4274,True,https://pbs.twimg.com/media/FOrbuS5aIAMXe2u.jpg,en,RT @bieunu: Eunwoo saying he survived covid because of our concern he is such a beautiful person ü•∫ü•∫ https://t.co/msqKOzzXIT,Saturday,5,2,"['say', 'survive', 'concern', 'beautiful', 'person', 'msqkozzxit']",1,0.9235453009605408,0.9235453009605408,0.07645467668771744
1507544247821553665,2022-03-26 02:25:32+00:00,0,0,0,0,232,750,3,2026,True,https://pbs.twimg.com/media/FOvfgAQXMAYARZi.jpg,en,"Remember me, Though I have to say goodbye. Remember me, Don't let it make you cry‚Ä¶Until you're in my arms again, Remember me‚Ä¶ 

It was an honor to serve as host of the COVID-19 Day of Remembrance at our Brownsville Campus ü§ç 
#utrgv #covid19 
#strongertogether #RallyTheValley https://t.co/vEllqIXqPl",Saturday,5,2,"['remember', 'say', 'goodbye', 'remember', 'let', 'make', 'cry', 'arm', 'remember', 'honor', 'serve', 'host', 'day', 'remembrance', 'brownsville', 'campus', 'utrgv', 'rallythevalley', 'vellqixqpl']",1,0.9438167810440063,0.9438167810440063,0.05618318170309067
1507544239906996230,2022-03-26 02:25:30+00:00,0,0,0,0,14,16,0,322,True,https://pbs.twimg.com/media/FOvfezSVsAIoWIf.jpg,en,@Nyadawa2 @TuJadili @MihrThakar And when do you think this Great Tribulation will occur? It's now! COVID was one them then this conflict is second. The White Horseman with a Bow can be seen in the Russian Coat Of Arms! The Great Tribulation is now!! https://t.co/iQrrtCKnwm,Saturday,5,2,"['think', 'great', 'tribulation', 'occur', 'conflict', 'second', 'white', 'horseman', 'bow', 'see', 'russian', 'coat', 'arm', 'great', 'tribulation', 'iqrrtcknwm']",2,0.9676823019981384,0.03231770545244217,0.9676823019981384
1507544232659202054,2022-03-26 02:25:28+00:00,0,0,0,0,27,152,0,88477,True,https://pbs.twimg.com/media/FOvfd-nWQAEffrE.jpg,en,@folha Covid won‚Äôt stop until we stop close contact that spreads the virus! use app Bost instead to safely communicate with people around. Download for free at Apple https://t.co/uChWynVbJG &amp; Google https://t.co/Nvi0yitq3f https://t.co/aVqnRWGBl8,Saturday,5,2,"['stop', 'stop', 'close', 'contact', 'spread', 'virus', 'use', 'bost', 'instead', 'safely', 'communicate', 'people', 'download', 'free', 'apple']",2,0.8962198495864868,0.10378019511699677,0.8962198495864868
1507544047216472064,2022-03-26 02:24:44+00:00,98,0,0,0,9852,10449,4,32956,True,https://pbs.twimg.com/media/FOvYd4oVgAE-T8E.jpg,en,"RT @kathygriffin: 4th booster f**kers.
Oh, and CVS gave us EIGHT free Covid tests for getting boosted! https://t.co/fG6zHsayKz",Saturday,5,2,"['rt', 'booster', 'ker', 'give', 'free', 'test', 'get', 'boost', 'zhsaykz']",1,0.9498727321624756,0.9498727321624756,0.050127264112234116
1507544003704770560,2022-03-26 02:24:33+00:00,0,0,0,0,6820,425,145,62208,True,https://pbs.twimg.com/media/FOvfSFtX0AEoB8-.jpg,en,"The COVID-19 death toll in the London region went up by two on Friday as hospitalizations and staff cases also saw increases. #ldnont

https://t.co/S0boqXOeJy https://t.co/z6XsSkgYnM",Saturday,5,2,"['death', 'toll', 'region', 'go', 'staff', 'case', 'also', 'see', 'increase', 'boqxoejy', 'xsskgynm']",2,0.9561977982521057,0.04380221292376518,0.9561977982521057
1507543986826842112,2022-03-26 02:24:29+00:00,98,0,0,0,325,358,1,60809,True,https://pbs.twimg.com/media/FOvYd4oVgAE-T8E.jpg,en,"RT @kathygriffin: 4th booster f**kers.
Oh, and CVS gave us EIGHT free Covid tests for getting boosted! https://t.co/fG6zHsayKz",Saturday,5,2,"['rt', 'booster', 'ker', 'give', 'free', 'test', 'get', 'boost', 'zhsaykz']",1,0.9498726725578308,0.9498726725578308,0.05012732371687889
1507543976962031619,2022-03-26 02:24:27+00:00,0,0,0,0,143,295,0,2936,True,https://pbs.twimg.com/media/FOvfO7KagAMcTYS.jpg,en,"Something very fishy about Eagles Jack Darling and return to club after no-jab ban.
Did McGowan grant him a celeb exemption while treating us like dogs?  Fox report can't confirm, ABC says only he ""satisfied AFL criteria"".
Eagles have *12* vaxxed player unavail due to covid... https://t.co/vwVxVQWJUq",Saturday,5,2,"['fishy', 'eagle', 'jack', 'darling', 'return', 'club', 'jab', 'ban', 'mcgowan', 'grant', 'celeb', 'exemption', 'treat', 'confirm', 'say', 'satisfied', 'afl', 'criterion', 'eagle', 'vaxxed', 'player', 'unavail', 'due']",1,0.9690486192703247,0.9690486192703247,0.030951354652643204
1507543944858861574,2022-03-26 02:24:19+00:00,2,0,0,0,1298,3318,20,254900,True,https://pbs.twimg.com/media/FOveDoLXIAsmhs3.jpg,en,"RT @staronline: Today's (March 26) #Covid19 numbers.

Read more:
https://t.co/9da7nDu4TJ https://t.co/5DySwgwWKW",Saturday,5,2,"['today', 'number', 'read', 'ndu', 'dyswgwwkw']",1,0.9089884757995605,0.9089884757995605,0.09101154655218124
1507543881222701062,2022-03-26 02:24:04+00:00,159,0,0,0,161,341,2,13578,True,https://pbs.twimg.com/media/FOuUIspXwAIAU6n.jpg,en,RT @AreOhEssEyeEe: Tested positive for covid today... https://t.co/UEMi3vgvax,Saturday,5,2,"['test', 'positive', 'today']",1,0.8681672215461731,0.8681672215461731,0.1318327933549881
1507543869587697664,2022-03-26 02:24:01+00:00,0,0,0,0,1250,4975,168,64197,True,https://pbs.twimg.com/media/FOvfKGBXEAQo6uO.jpg,en,Florida Health Department: CDC Altered State‚Äôs COVID-19 Death Data.#BreakingNewsNow #Breaking_News #BreakingNews #BreakingNewz #BreakingNow #Breaking #Florida #Fla #FL #FlaHealthDepartment #FLHealthDepartment #CDC #CoronaVirusDeathsData #CoVid19DeathsData #CoVidDeathsData #FNN https://t.co/bOawUWdL7C,Saturday,5,2,"['death', 'cdc', 'fnn', 'boawuwdl']",2,0.8965929746627808,0.10340704023838043,0.8965929746627808
1507543862318936065,2022-03-26 02:24:00+00:00,0,0,1,0,1250,4975,168,64197,True,https://pbs.twimg.com/media/FOvfJsnXMAQaEAM.jpg,en,Florida Health Department: CDC Altered State‚Äôs COVID-19 Death Data.#BreakingNewsNow #Breaking_News #BreakingNews #BreakingNewz #BreakingNow #Breaking #Florida #Fla #FL #FlaHealthDepartment #FLHealthDepartment #CDC #CoronaVirusDeathData #CoVid19DeathData #CoVidDeathData #BNN #FLNN https://t.co/qBxFIwhZ1q,Saturday,5,2,"['death', 'flnn']",2,0.8288155198097229,0.1711844652891159,0.8288155198097229
1507543855570243589,2022-03-26 02:23:58+00:00,0,0,1,0,1250,4975,168,64197,True,https://pbs.twimg.com/media/FOvfJXaWYAQsP3y.jpg,en,Florida Health Department: CDC Altered State‚Äôs COVID-19 Death Data.#BreakingNewsNow #Breaking_News #BreakingNews #BreakingNewz #BreakingNow #Breaking #Florida #Fla #FL #FlaHealthDepartment #FLHealthDepartment #CDC #CoronaVirusDeath #CoVid19Death #CoVidDeath https://t.co/AFJwky99Kr,Saturday,5,2,"['death', 'cdc', 'death', 'coviddeath']",2,0.8990225791931152,0.10097740590572357,0.8990225791931152
1507543850323259406,2022-03-26 02:23:57+00:00,0,0,1,0,1250,4975,168,64197,True,https://pbs.twimg.com/media/FOvfJDGWUAwk8r2.jpg,en,Florida Health Department: CDC Altered State‚Äôs COVID-19 Death Data.#BreakingNewsNow #Breaking_News #BreakingNews #BreakingNewz #BreakingNow #Breaking #Florida #Fla #FL #FlaHealthDepartment #FLHealthDepartment #CDC #CoronaVirusDeaths #CoVid19Deaths #CoVidDeaths https://t.co/wa0nP35G8P,Saturday,5,2,"['death', 'cdc', 'death', 'coviddeath']",2,0.8990224003791809,0.10097756236791611,0.8990224003791809
1507543844300201989,2022-03-26 02:23:55+00:00,0,0,1,0,1250,4975,168,64197,True,https://pbs.twimg.com/media/FOvfIlVXIAE15Bi.jpg,en,Florida Health Department: CDC Altered State‚Äôs COVID-19 Death Data.#BreakingNewsNow #Breaking_News #BreakingNews #BreakingNewz #BreakingNow #Breaking #Florida #Fla #FL #FlaHealthDepartment #FLHealthDepartment #CDC #CenterforDiseaseControl #CenterofDiseaseControl #CoVid https://t.co/GGyaaNnLWg,Saturday,5,2,"['death', 'cdc', 'ggyaannlwg']",2,0.8724267482757568,0.12757320702075958,0.8724267482757568
1507543836352028676,2022-03-26 02:23:54+00:00,0,0,1,0,1250,4975,168,64197,True,https://pbs.twimg.com/media/FOvfIM2WYAEe2US.jpg,en,Florida Health Department: CDC Altered State‚Äôs COVID-19 Death Data.#BreakingNewsNow #Breaking_News #BreakingNews #BreakingNewz #BreakingNow #Breaking #Florida #Fla #FL #FlaHealthDepartment #FLHealthDepartment #CDC #CenterforDiseaseControl #CenterofDiseaseControl #CoronaVirus https://t.co/EhRWGKdRzt,Saturday,5,2,"['death', 'cdc', 'ehrwgkdrzt']",2,0.8724289536476135,0.12757104635238647,0.8724289536476135
1507543829947240452,2022-03-26 02:23:52+00:00,0,0,1,0,1250,4975,168,64197,True,https://pbs.twimg.com/media/FOvfH07XwAENgdF.jpg,en,Florida Health Department: CDC Altered State‚Äôs COVID-19 Death Data.#BreakingNewsNow #Breaking_News #BreakingNews #BreakingNewz #BreakingNow #Breaking #Florida #Fla #FL #FlaHealthDepartment #FLHealthDepartment #CDC #CentersforDiseaseControl #CentersofDiseaseControl #CoVid19 https://t.co/uyljKGsj72,Saturday,5,2,['death'],2,0.7494087219238281,0.25059130787849426,0.7494087219238281
1507543829582422019,2022-03-26 02:23:52+00:00,98,0,0,0,214,1491,0,120334,True,https://pbs.twimg.com/media/FOvYd4oVgAE-T8E.jpg,en,"RT @kathygriffin: 4th booster f**kers.
Oh, and CVS gave us EIGHT free Covid tests for getting boosted! https://t.co/fG6zHsayKz",Saturday,5,2,"['rt', 'booster', 'ker', 'give', 'free', 'test', 'get', 'boost', 'zhsaykz']",1,0.9498727917671204,0.9498727917671204,0.05012718215584755
1507543821877497860,2022-03-26 02:23:50+00:00,0,0,1,0,1250,4975,168,64197,True,https://pbs.twimg.com/media/FOvfHZIWUAUlxYu.jpg,en,Florida Health Department: CDC Altered State‚Äôs COVID-19 Death Data.#BreakingNewsNow #Breaking_News #BreakingNews #BreakingNewz #BreakingNow #Breaking #Florida #FloridaHealth #Fla #FlaHealth #FL #FLHealth #FloridaHealthDept #FlaHealthDept #FLHealthDept #FlaHealthDept #FLHealthDept https://t.co/uPhAI6MBvj,Saturday,5,2,"['death', 'flhealth', 'flahealthdept', 'flhealthdept', 'flahealthdept', 'flhealthdept']",2,0.9274244904518127,0.07257553935050964,0.9274244904518127
1507543818563985410,2022-03-26 02:23:49+00:00,0,0,0,0,5348,4647,120,20191,True,https://pbs.twimg.com/media/FOvfHJkXIAMYOs_.jpg,en,"Hey, #America!
Don‚Äôt make me use this again!
#COVID #2022 https://t.co/XRjSTCUxmY",Saturday,5,2,"['make', 'use', 'xrjstcuxmy']",2,0.868776261806488,0.13122376799583435,0.868776261806488
1507543816064028675,2022-03-26 02:23:49+00:00,0,0,1,0,1250,4975,168,64197,True,https://pbs.twimg.com/media/FOvfHAaXoAocd4l.jpg,en,Florida Health Department: CDC Altered State‚Äôs COVID-19 Death Data.#BreakingNewsNow #Breaking_News #BreakingNews #BreakingNewz #BreakingNow #Breaking #Florida #FloridaHealth #Fla #FlaHealth #FL #FLHealth #FloridaHealthDept #FlaHealthDept #FLHealthDept #FloridaHealthDepartment https://t.co/uH1xr2TEs6,Saturday,5,2,"['death', 'flhealth', 'flahealthdept', 'flhealthdept', 'te']",2,0.9147955179214478,0.08520447462797165,0.9147955179214478
1507543815741005824,2022-03-26 02:23:49+00:00,0,0,0,0,64,11,0,149525,True,https://pbs.twimg.com/media/FOvfHEtUYAE1JMe.jpg,en,7 Day US Covid Confirmed Cases by County  For OR   2022-03-22:  Latest Covid Insights by Our Analytics Team using USAFacts #datavisualization #datascience #analytics #healthtech #data #covid19 #publichealth #covid #globalhealth #RStats https://t.co/Q3FzZapSwP,Saturday,5,2,"['day', 'confirm', 'case', 'county', 'late', 'insight', 'analytic', 'team', 'use', 'usafact', 'datascience', 'analytic', 'healthtech', 'datum', 'publichealth', 'globalhealth', 'rstat', 'fzzapswp']",2,0.9733914136886597,0.026608537882566452,0.9733914136886597
1507543786993319936,2022-03-26 02:23:42+00:00,4,0,0,0,162,130,0,6380,True,https://pbs.twimg.com/media/FOj9lABXIAwZSG8.jpg,en,RT @NavalInstitute: Navy Exceeds 650 COVID-19 Vaccine Separations - USNI News https://t.co/4xHpNkTcYQ https://t.co/3DPoY3c2tO,Saturday,5,2,"['exceed', 'vaccine', 'separation', 'usni', 'dpoy']",2,0.9130257964134216,0.08697422593832016,0.9130257964134216
1507543694542618624,2022-03-26 02:23:20+00:00,98,0,0,0,22140,21631,90,191393,True,https://pbs.twimg.com/media/FOvYd4oVgAE-T8E.jpg,en,"RT @kathygriffin: 4th booster f**kers.
Oh, and CVS gave us EIGHT free Covid tests for getting boosted! https://t.co/fG6zHsayKz",Saturday,5,2,"['rt', 'booster', 'ker', 'give', 'free', 'test', 'get', 'boost', 'zhsaykz']",1,0.9498725533485413,0.9498725533485413,0.05012746900320053
1507543692885770243,2022-03-26 02:23:19+00:00,0,0,0,0,429,856,1,14064,True,https://pbs.twimg.com/media/FOve_1vWUAcyYsR.jpg,en,"China is literally working on covid 19 pt 2 . And nobody is paying attention, even Time Magazine shined some light on it. Too many distractions going on. https://t.co/u5gEjL5hY6",Saturday,5,2,"['literally', 'work', 'pay', 'attention', 'even', 'time', 'magazine', 'shine', 'light', 'many', 'distraction', 'go']",1,0.9560188055038452,0.9560188055038452,0.04398120939731598
1507543684333584390,2022-03-26 02:23:17+00:00,98,0,0,0,327,585,2,225346,True,https://pbs.twimg.com/media/FOvYd4oVgAE-T8E.jpg,en,"RT @kathygriffin: 4th booster f**kers.
Oh, and CVS gave us EIGHT free Covid tests for getting boosted! https://t.co/fG6zHsayKz",Saturday,5,2,"['rt', 'booster', 'ker', 'give', 'free', 'test', 'get', 'boost', 'zhsaykz']",1,0.9498726725578308,0.9498726725578308,0.050127290189266205
1507543627689385991,2022-03-26 02:23:04+00:00,4550,0,0,0,0,29,0,46,True,https://pbs.twimg.com/media/FOd43X5VUAEhoN6.jpg,en,RT @WakeAwake1: They don‚Äôt want to talk about Covid deaths in Canada anymore because of this chart right here. https://t.co/VqdXXecQMn,Saturday,5,2,"['want', 'talk', 'death', 'anymore', 'chart', 'right', 'vqdxxecqmn']",2,0.9364301562309265,0.0635698214173317,0.9364301562309265
1507543623847407619,2022-03-26 02:23:03+00:00,0,0,0,0,1995,2188,107,164884,True,https://pbs.twimg.com/media/FOve77fVsAIywRd.jpg,en,"I can't believe this, when I seen this picture 5 days ago I thought to myself I bet one of these guys are going to get covid, everyone I know who mixes and mingles without masks is getting covid,  I hope he isn't going to be hit to hard, just shows covid isn't over https://t.co/R2DsG434YV https://t.co/vpwNJUkLKu",Saturday,5,2,"['believe', 'see', 'picture', 'day', 'ago', 'think', 'bet', 'guy', 'go', 'get', 'know', 'mix', 'mingle', 'mask', 'get', 'hope', 'go', 'hit', 'hard', 'show', 'vpwnjuklku']",2,0.8822920322418213,0.11770791560411453,0.8822920322418213
1507543610224377858,2022-03-26 02:23:00+00:00,98,0,0,0,506,297,52,82424,True,https://pbs.twimg.com/media/FOvYd4oVgAE-T8E.jpg,en,"RT @kathygriffin: 4th booster f**kers.
Oh, and CVS gave us EIGHT free Covid tests for getting boosted! https://t.co/fG6zHsayKz",Saturday,5,2,"['rt', 'booster', 'ker', 'give', 'free', 'test', 'get', 'boost', 'zhsaykz']",1,0.9498725533485413,0.9498725533485413,0.05012740194797516
1507543601697497095,2022-03-26 02:22:58+00:00,3,0,0,0,244,47,2,113016,True,https://pbs.twimg.com/media/FOpsm98UcA0OsLG.jpg,en,"RT @GlobalNational: More transmissible BA.2 subvariant on the rise in Manitoba, experts say https://t.co/NwksvJkabw https://t.co/Z3pdslWfpu",Saturday,5,2,"['transmissible', 'subvariant', 'rise', 'manitoba', 'expert', 'say', 'nwksvjkabw', 'pdslwfpu']",1,0.9354023933410645,0.9354023933410645,0.06459757685661316
1507543588162265090,2022-03-26 02:22:54+00:00,0,0,0,0,270,1020,1,12408,True,https://pbs.twimg.com/media/FOveIAOVsAUmaQo.jpg,en,"@PeterCronau Now try to let the avians catch it and spread along the route is a brilliant idea, but it‚Äôs evil azzzzz! Hemmmmm SARS, avian flu, h1n1, covid bats?! Hemmmmmmmm https://t.co/XggbJPeAUU",Saturday,5,2,"['try', 'let', 'avian', 'catch', 'spread', 'route', 'brilliant', 'idea', 'evil', 'azzzzz', 'avian', 'flu', 'bat']",2,0.9597925543785095,0.040207426995038986,0.9597925543785095
1507543587420004354,2022-03-26 02:22:54+00:00,4550,0,0,0,48,151,2,2653,True,https://pbs.twimg.com/media/FOd43X5VUAEhoN6.jpg,en,RT @WakeAwake1: They don‚Äôt want to talk about Covid deaths in Canada anymore because of this chart right here. https://t.co/VqdXXecQMn,Saturday,5,2,"['want', 'talk', 'death', 'anymore', 'chart', 'right', 'vqdxxecqmn']",2,0.9364303946495056,0.06356960535049438,0.9364303946495056
1507543564401610752,2022-03-26 02:22:49+00:00,159,0,0,0,70,436,1,3615,True,https://pbs.twimg.com/media/FOuUIspXwAIAU6n.jpg,en,RT @AreOhEssEyeEe: Tested positive for covid today... https://t.co/UEMi3vgvax,Saturday,5,2,"['test', 'positive', 'today']",1,0.8681719899177551,0.8681719899177551,0.13182803988456726
1507543548610191361,2022-03-26 02:22:45+00:00,0,0,0,0,132,263,1,14522,True,https://pbs.twimg.com/media/FOve3lrXwAAiwHD.jpg,en,Council Post: Two-Year Covid-19 Anniversary: How Does The Future Of Work Look? https://t.co/C8Ry7NzyXB https://t.co/qonDaxu7Au,Saturday,5,2,"['post', 'year', 'anniversary', 'future', 'work', 'look']",1,0.9201173782348633,0.9201173782348633,0.07988257706165314
1507543494889545744,2022-03-26 02:22:32+00:00,0,0,1,0,1690,462,0,39558,True,https://pbs.twimg.com/media/FOve0V1XMAEygEh.jpg,en,almost 1 million more covid cases in 1 week epic slay https://t.co/LidxawyNCR,Saturday,5,2,"['almost', 'case', 'week', 'epic', 'slay', 'lidxawyncr']",2,0.9224094152450562,0.07759061455726624,0.9224094152450562
1507543490116300801,2022-03-26 02:22:31+00:00,0,0,1,0,677,2616,6,1425,True,https://pbs.twimg.com/media/FOvezJNWQAIHfUP.jpg,en,First I think I need to show you where and when this all connects to my life. Some people already know i say i got covid in 2015 in Colorado Springs the summer of jade helm before i understood what jade helm is proof of Colorado timeline https://t.co/6Z9GrgbntX,Saturday,5,2,"['first', 'think', 'need', 'show', 'connect', 'life', 'people', 'already', 'know', 'say', 'get', 'colorado', 'spring', 'helm', 'understand', 'jade', 'helm', 'proof', 'colorado', 'timeline', 'grgbntx']",2,0.9046467542648315,0.09535321593284607,0.9046467542648315
1507543464694919169,2022-03-26 02:22:25+00:00,254,0,0,0,739,740,6,15135,True,https://pbs.twimg.com/media/FOgtE5zVsAISoEm.jpg,en,"RT @soompi: #YeoJinGoo Halts All Activities After Testing Positive For COVID-19
https://t.co/mh8C3fJPwN https://t.co/6rZ647BUvO",Saturday,5,2,"['yeojingoo', 'halt', 'activity', 'test', 'positive', 'mh', 'fjpwn']",1,0.9365865588188171,0.9365865588188171,0.06341342628002167
1507543433657057281,2022-03-26 02:22:18+00:00,0,2,0,0,14818,4222,255,64294,True,https://pbs.twimg.com/media/FOveqbTaUAQPVAK.jpg,en,"@CatherineQ Sadly, the *when* is much easier to figure out. It's amazing that in more than two years of this pandemic, 85% of ALL Covid deaths have happened in the last month. Omicron is anything but mild. https://t.co/8d1tnCsbMb",Saturday,5,2,"['sadly', 'much', 'easy', 'figure', 'amazing', 'year', 'pandemic', 'death', 'happen', 'last', 'month', 'omicron', 'mild', 'tncsbmb']",2,0.9643310904502869,0.03566891327500343,0.9643310904502869
1507543410047332355,2022-03-26 02:22:12+00:00,0,1,0,0,5353,40,23,573,True,https://pbs.twimg.com/media/FOvetkPaIAU7KCW.jpg,en,"CIAL Managing Director Sri. S Suhas IAS receives the 'Covid champions' award from  Sri Jyotiraditya  Scindia, Hon. Minister for Civil Aviation at the  Wings India 2022; a  flagship event organized by the Ministry of Civil Aviation (MoCA), GoI and FICCI.
#cial #covidchampions https://t.co/StO5StyF4Z",Saturday,5,2,"['cial', 'manage', 'director', 'receive', 'champion', 'award', 'minister', 'civil', 'aviation', 'wing', 'flagship', 'event', 'organize', 'civil', 'aviation', 'moca', 'goi', 'ficci', 'cial', 'covidchampion', 'sto', 'styf']",1,0.9773845076560974,0.9773845076560974,0.0226154625415802
1507543386441633794,2022-03-26 02:22:06+00:00,98,0,0,0,1266,4998,53,377508,True,https://pbs.twimg.com/media/FOvYd4oVgAE-T8E.jpg,en,"RT @kathygriffin: 4th booster f**kers.
Oh, and CVS gave us EIGHT free Covid tests for getting boosted! https://t.co/fG6zHsayKz",Saturday,5,2,"['rt', 'booster', 'ker', 'give', 'free', 'test', 'get', 'boost', 'zhsaykz']",1,0.9498726725578308,0.9498726725578308,0.05012734606862068
1507543373820825604,2022-03-26 02:22:03+00:00,0,0,0,0,64,11,0,149525,True,https://pbs.twimg.com/media/FOvetWDVUAA2y2_.jpg,en,7 Day US Covid Confirmed Cases by County  For OR   2022-03-22:  Latest Covid Insights by Our Analytics Team using USAFacts #datavisualization #datascience #analytics #healthtech #data #covid19 #publichealth #covid #globalhealth #RStats https://t.co/rpgtudbhEA,Saturday,5,2,"['day', 'confirm', 'case', 'county', 'late', 'insight', 'analytic', 'team', 'use', 'usafact', 'datascience', 'analytic', 'healthtech', 'datum', 'publichealth', 'globalhealth', 'rstat', 'rpgtudbhea']",2,0.9734052419662476,0.026594744995236397,0.9734052419662476
1507543361208537088,2022-03-26 02:22:00+00:00,159,0,0,0,710,620,7,25224,True,https://pbs.twimg.com/media/FOuUIspXwAIAU6n.jpg,en,RT @AreOhEssEyeEe: Tested positive for covid today... https://t.co/UEMi3vgvax,Saturday,5,2,"['test', 'positive', 'today']",1,0.8681654334068298,0.8681654334068298,0.13183459639549255
1507543350123147269,2022-03-26 02:21:58+00:00,98,0,0,0,79,495,2,51134,True,https://pbs.twimg.com/media/FOvYd4oVgAE-T8E.jpg,en,"RT @kathygriffin: 4th booster f**kers.
Oh, and CVS gave us EIGHT free Covid tests for getting boosted! https://t.co/fG6zHsayKz",Saturday,5,2,"['rt', 'booster', 'ker', 'give', 'free', 'test', 'get', 'boost', 'zhsaykz']",1,0.9498726725578308,0.9498726725578308,0.050127360969781876
1507543321056624653,2022-03-26 02:21:51+00:00,0,0,0,0,485,172,6,13394,True,https://pbs.twimg.com/media/FOveqLsXoAg935m.jpg,en,"@strong89 @BOSCityCouncil ‚ÄúSenator Braun says Americans should be ‚Äòoutraged‚Äô after states pocketed COVID-19 relief cash‚Äù (Fox news)
File a freedom of information request-asking how much $$ Mayor Wu/Boston received from Gov. Baker‚Äôs federal fund stash.  Ask for itemization on how money was spent. üëá https://t.co/5CSed1cMH8",Saturday,5,2,"['say', 'outraged', 'state', 'pocket', 'relief', 'cash', 'fox', 'news', 'file', 'freedom', 'information', 'request', 'ask', 'much', 'mayor', 'receive', 'federal', 'fund', 'stash', 'ask', 'itemization', 'money', 'spend', 'cse', 'cmh']",1,0.9797406792640686,0.9797406792640686,0.02025928534567356
1507543294343249921,2022-03-26 02:21:44+00:00,7,0,0,0,708,158,3,8131,True,https://pbs.twimg.com/media/FOsTgGCaMAcEBe5.jpg,en,RT @NrlConspiracies: Good to see the use of the long mic boom to ensure Buddy Franklin avoids the risk of COVID https://t.co/Q8FRJ7JeHU,Saturday,5,2,"['good', 'see', 'use', 'long', 'mic', 'boom', 'ensure', 'avoid', 'risk', 'frj']",2,0.9522112607955933,0.04778874292969704,0.9522112607955933
1507543241620557827,2022-03-26 02:21:32+00:00,2260,0,0,0,57,1524,4,14288,True,https://pbs.twimg.com/media/FNMz10DX0AUvbA0.jpg,en,RT @Nortuet: This may be the Covid talking... https://t.co/MY1DGY8yaw,Saturday,5,2,['talk'],2,0.7464072704315186,0.25359275937080383,0.7464072704315186
1507543204870037504,2022-03-26 02:21:23+00:00,0,0,0,0,1006,264,5,63765,True,https://pbs.twimg.com/media/FOvejPEVsAEg9_m.jpg,en,Giving Softball a try tonight. Been meaning to go to a game for a couple years (thanks COVID...) https://t.co/UrBCPx7rXp,Saturday,5,2,"['give', 'softball', 'try', 'tonight', 'mean', 'go', 'game', 'couple', 'year', 'thank', 'urbcpx']",1,0.9473557472229004,0.9473557472229004,0.05264429375529289
1507543126814052353,2022-03-26 02:21:04+00:00,98,0,0,0,791,1660,77,176026,True,https://pbs.twimg.com/media/FOvYd4oVgAE-T8E.jpg,en,"RT @kathygriffin: 4th booster f**kers.
Oh, and CVS gave us EIGHT free Covid tests for getting boosted! https://t.co/fG6zHsayKz",Saturday,5,2,"['rt', 'booster', 'ker', 'give', 'free', 'test', 'get', 'boost', 'zhsaykz']",1,0.9498726725578308,0.9498726725578308,0.050127360969781876
1507543124863860736,2022-03-26 02:21:04+00:00,0,0,0,0,307,502,1,29174,True,https://pbs.twimg.com/media/FOuyqKiXoAI3J1S.jpg,en,RT @ResistTyranny76: 100 percent of covid deaths are fully vaccinated . But it‚Äôs safe and effective https://t.co/NUjwS3d2DS,Saturday,5,2,"['rt', 'percent', 'death', 'fully', 'vaccinate', 'safe', 'effective', 'nujws']",1,0.8198387026786804,0.8198387026786804,0.1801612824201584
1507543071914831875,2022-03-26 02:20:51+00:00,0,2,1,0,3341,2971,13,85388,True,https://pbs.twimg.com/media/FOvebklUYAYI3zb.jpg,en,@AngelaBelcamino No Covid. I‚Äôve had two shots &amp; the booster. https://t.co/kKa3b51Wk7,Saturday,5,2,"['shot', 'booster']",1,0.8290198445320129,0.8290198445320129,0.17098017036914825
1507543019695874056,2022-03-26 02:20:39+00:00,2,2,0,0,1521,1348,49,91545,True,https://pbs.twimg.com/media/FOveYwdWUAIhT2p.jpg,en,True is gong to be 12 in a few weeks &amp; this will be her 3rd birthday in medical isolation. I haven't been able to have a party for her the entire time world has been dealing with covid. She would appreciate anything from her list for her birthday https://t.co/h6w4ColCSu https://t.co/1lCR9TKpHC,Saturday,5,2,"['true', 'gong', 'week', 'birthday', 'medical', 'isolation', 'able', 'party', 'entire', 'time', 'world', 'dealing', 'appreciate', 'list', 'birthday', 'lcr', 'tkphc']",1,0.9698667526245117,0.9698667526245117,0.03013322688639164
1507543005263245316,2022-03-26 02:20:35+00:00,98,0,0,0,112,553,4,6057,True,https://pbs.twimg.com/media/FOvYd4oVgAE-T8E.jpg,en,"RT @kathygriffin: 4th booster f**kers.
Oh, and CVS gave us EIGHT free Covid tests for getting boosted! https://t.co/fG6zHsayKz",Saturday,5,2,"['rt', 'booster', 'ker', 'give', 'free', 'test', 'get', 'boost', 'zhsaykz']",1,0.9498726725578308,0.9498726725578308,0.050127316266298294
1507542995708657670,2022-03-26 02:20:33+00:00,0,0,0,0,241,726,9,5407,True,https://pbs.twimg.com/media/FOvdr_UXMAQDaev.jpg,en,"On the ebola claim, I guess it's... technically true.

If we take the low end ebola mortality against the highest 80+ year old COVID mortality I could find.

Seems a bit disingenuous to compare mortality for end of life folks against all-age inclusive mortality but oh well. https://t.co/7nR9yGkIR0",Saturday,5,2,"['claim', 'guess', 'technically', 'true', 'take', 'low', 'end', 'ebola', 'mortality', 'high', 'year', 'old', 'mortality', 'find', 'seem', 'bit', 'disingenuous', 'compare', 'mortality', 'end', 'life', 'folk', 'age', 'inclusive', 'mortality', 'ygkir']",2,0.9807167053222656,0.01928330771625042,0.9807167053222656
1507542903958253568,2022-03-26 02:20:11+00:00,1,0,0,0,244,47,2,113017,True,https://pbs.twimg.com/media/FOtCfliVcAEu8fH.jpg,en,RT @GlobalNational: WHO rejects Medicago‚Äôs COVID-19 vaccine due to ties to tobacco giant https://t.co/It0EB5tWXc https://t.co/3RNf2PiDgn,Saturday,5,2,"['reject', 'vaccine', 'due', 'tie', 'tobacco', 'giant', 'pidgn']",2,0.934368371963501,0.06563163548707962,0.934368371963501
1507542869606903812,2022-03-26 02:20:03+00:00,14,63,1,0,236609,216381,2724,225156,True,https://pbs.twimg.com/media/FOveQAUXEAUvhPV.jpg,en,South Dakota Abortions Dropped 69.8% to Record Low in 2020 as COVID Shut Down Planned Parenthood https://t.co/Ts9XlMgZnp https://t.co/Z2HfV5Yy7D,Saturday,5,2,"['abortion', 'drop', 'record', 'low', 'shut', 'planned', 'parenthood']",2,0.9355601668357849,0.0644397884607315,0.9355601668357849
1507542855635636226,2022-03-26 02:20:00+00:00,0,1,0,0,1231689,858,2245,570621,True,https://pbs.twimg.com/media/FOvd-hfVkAEmaIb.jpg,en,"TODAY'S EDITORIAL: All pandemics end; the COVID-19 pestilence will be no different. What will continue to pose an existential threat to the planet, long after the pandemic is over, is climate change. https://t.co/RNXlRBkpOq https://t.co/H905GLLASW",Saturday,5,2,"['today', 'editorial', 'pandemic', 'end', 'pestilence', 'different', 'continue', 'pose', 'existential', 'threat', 'planet', 'long', 'pandemic', 'climate']",2,0.9637799859046936,0.03621998056769371,0.9637799859046936
1507542825289748485,2022-03-26 02:19:52+00:00,0,0,1,0,2527,2777,6,50244,True,https://pbs.twimg.com/media/FOvdWjFVUAE2ls9.jpg,en,"@lilianakennedyp @JMikeOJ @lambchopnosauce So it depends. I'm mom to 3 sons, nana to 1 grandson. I don't know what I would do if they were teens. Otherwise, #getthevax  ü§ó
Here's an article on the non-heart attacks:https://t.co/E1Jd1h0urs
Here's CDC explanation of the myocarditis issue: https://t.co/L1JvVAq4r8",Saturday,5,2,"['depend', 'mom', 'son', 'know', 'teen', 'otherwise', 'article', 'heart', 'attack']",2,0.948479175567627,0.05152079835534096,0.948479175567627
1507542823414820866,2022-03-26 02:19:52+00:00,0,2,0,0,3032,826,0,72572,True,https://pbs.twimg.com/media/FOvdRbXVUAc-LPL.jpg,en,Masks protect against airborne viruses. Wearing them during the covid pandemic before vaccines were available saved untold millions from severe disease and death. Wearing them now when 1st-Gen vaccine immunity is known to be waning especially in elders is just good common sense. https://t.co/xjTdsgfIaI,Saturday,5,2,"['mask', 'protect', 'airborne', 'virus', 'wear', 'pandemic', 'vaccine', 'available', 'save', 'untold', 'million', 'severe', 'disease', 'death', 'wear', 'vaccine', 'immunity', 'know', 'wane', 'especially', 'elder', 'good', 'common', 'sense', 'xjtdsgfiai']",2,0.980177104473114,0.019822875037789345,0.980177104473114
1507542793002004481,2022-03-26 02:19:45+00:00,2,1,0,0,64,11,0,149525,True,https://pbs.twimg.com/media/FOveLieUYAEGltS.jpg,en,7 Day US Covid Confirmed Cases by County  For OK   2022-03-22:  Latest Covid Insights by Our Analytics Team using USAFacts #datavisualization #datascience #analytics #healthtech #data #covid19 #publichealth #covid #globalhealth #RStats https://t.co/rFv8cyGXKh,Saturday,5,2,"['day', 'confirm', 'case', 'county', 'late', 'insight', 'analytic', 'team', 'use', 'usafact', 'datascience', 'analytic', 'healthtech', 'datum', 'publichealth', 'globalhealth', 'rstat', 'rfv', 'cygxkh']",2,0.9747161865234375,0.025283824652433395,0.9747161865234375
1507542788484653057,2022-03-26 02:19:44+00:00,98,0,0,0,3751,4450,1,174455,True,https://pbs.twimg.com/media/FOvYd4oVgAE-T8E.jpg,en,"RT @kathygriffin: 4th booster f**kers.
Oh, and CVS gave us EIGHT free Covid tests for getting boosted! https://t.co/fG6zHsayKz",Saturday,5,2,"['rt', 'booster', 'ker', 'give', 'free', 'test', 'get', 'boost', 'zhsaykz']",1,0.9498728513717651,0.9498728513717651,0.05012715607881546
1507542781878804480,2022-03-26 02:19:42+00:00,98,0,0,0,3860,4260,3,36220,True,https://pbs.twimg.com/media/FOvYd4oVgAE-T8E.jpg,en,"RT @kathygriffin: 4th booster f**kers.
Oh, and CVS gave us EIGHT free Covid tests for getting boosted! https://t.co/fG6zHsayKz",Saturday,5,2,"['rt', 'booster', 'ker', 'give', 'free', 'test', 'get', 'boost', 'zhsaykz']",1,0.9498728513717651,0.9498728513717651,0.050127144902944565
1507542758621392898,2022-03-26 02:19:37+00:00,4,0,0,0,249,290,0,706,True,https://pbs.twimg.com/media/FOuJCJ0XEB40J27.jpg,en,RT @SPR2021: Was COVID just a vehicle to Rid The World of some Useless Eaters? https://t.co/79rQMuGodh,Saturday,5,2,"['vehicle', 'rid', 'world', 'useless', 'eater', 'rqmugodh']",1,0.9260692000389099,0.9260692000389099,0.07393085211515427
1507542747313770501,2022-03-26 02:19:34+00:00,0,0,0,0,61,48,1,1825,True,https://pbs.twimg.com/media/FOveHjNacAUu-BF.jpg,en,My first dine in since covidü§£ü§£ü§£( the lady still remembers me üòä https://t.co/EgKmrKVgYZ,Saturday,5,2,"['first', 'dine', 'lady', 'still', 'remember']",1,0.9095368981361389,0.9095368981361389,0.09046309441328049
1507542733178781698,2022-03-26 02:19:31+00:00,0,1,1,0,525,90,1,408,True,https://pbs.twimg.com/media/FOveH5mVEAQDdFd.jpg,en,"I have seen the same nursing student make several false statements in the name of science on her platform, adding to the COVID misinfo. &amp; misinfo. on the transgender community. Schools and Hospitals must demand responsible behavior on social media. #utpol #TransIsBeautiful #utleg https://t.co/BygKyw24Cg",Saturday,5,2,"['see', 'nursing', 'student', 'make', 'several', 'false', 'statement', 'name', 'science', 'platform', 'add', 'misinfo', 'community', 'school', 'hospital', 'demand', 'responsible', 'behavior', 'social', 'medium', 'bygkyw', 'cg']",2,0.9774971008300781,0.022502964362502098,0.9774971008300781
1507542702107332610,2022-03-26 02:19:23+00:00,0,0,0,0,43,58,0,641,True,https://pbs.twimg.com/media/FOveBshWYAEXBSx.jpg,en,COVID-19 Update March 25 https://t.co/outPgiUNcU,Saturday,5,2,['update'],1,0.7305489778518677,0.7305489778518677,0.2694510221481323
1507542675880394755,2022-03-26 02:19:17+00:00,98,0,0,0,222,802,1,65940,True,https://pbs.twimg.com/media/FOvYd4oVgAE-T8E.jpg,en,"RT @kathygriffin: 4th booster f**kers.
Oh, and CVS gave us EIGHT free Covid tests for getting boosted! https://t.co/fG6zHsayKz",Saturday,5,2,"['rt', 'booster', 'ker', 'give', 'free', 'test', 'get', 'boost', 'zhsaykz']",1,0.9498728513717651,0.9498728513717651,0.05012717470526695
1507542656800464896,2022-03-26 02:19:12+00:00,2,1,0,0,1769840,252,4097,457926,True,https://pbs.twimg.com/media/FOveDoLXIAsmhs3.jpg,en,"Today's (March 26) #Covid19 numbers.

Read more:
https://t.co/9da7nDu4TJ https://t.co/5DySwgwWKW",Saturday,5,2,"['today', 'number', 'read', 'ndu', 'dyswgwwkw']",1,0.9089739918708801,0.9089739918708801,0.09102599322795868
1507542629684170753,2022-03-26 02:19:06+00:00,0,0,0,0,490,828,0,6523,True,https://pbs.twimg.com/media/FOvd2URUYAEGEjV.jpg,en,"@LikeAFire2022 @MingledWith Amen!! We have been blessed to be able to help so many through covid and now through Ukraine and food insecurity in the US. 
The church follows God's commands just as they have asked members to.
#HearHim
#MakeIt1Trillion https://t.co/ZKFjYnbxkR",Saturday,5,2,"['bless', 'able', 'help', 'many', 'ukraine', 'food', 'insecurity', 'church', 'follow', 'god', 'command', 'ask', 'member']",1,0.9630655646324158,0.9630655646324158,0.03693440556526184
1507542629478592512,2022-03-26 02:19:06+00:00,0,0,0,0,10,4,1,26252,True,https://pbs.twimg.com/media/Et-TxI8VgAEIROv.jpg,en,https://t.co/qHPNA1SzUj Tokyo 2020 plunged into turmoil with 10 more Covid cases at Olympic Village https://t.co/aOUcFizsDK,Saturday,5,2,"['qhpna', 'plunge', 'turmoil', 'case', 'olympic', 'village']",2,0.9265305995941162,0.07346941530704498,0.9265305995941162
1507542611715833856,2022-03-26 02:19:02+00:00,1,0,0,0,3106,3943,10,150800,True,https://pbs.twimg.com/media/FOvaYp3WYAANJn0.jpg,en,RT @ilovedonrickles: Next covid funding package? These assholes love throwing money at problems. I'm sick of it. https://t.co/YOwy6cs7Zc,Saturday,5,2,"['rt', 'next', 'funding', 'package', 'asshole', 'love', 'throw', 'money', 'problem', 'sick', 'yowy']",1,0.9570344090461731,0.9570344090461731,0.04296557605266571
1507542571408625671,2022-03-26 02:18:52+00:00,0,0,1,0,558,777,13,13079,True,https://pbs.twimg.com/media/FOvd-pXWUAkXQmF.jpg,en,@jblanchette8 Seems like COVID is far more contagious and deadly than the flu. Your arguments are quite silly. This doctor died of the ‚Äúcommon cold‚Äùapparently https://t.co/TIBSOD4fk0,Saturday,5,2,"['seem', 'far', 'contagious', 'deadly', 'flu', 'argument', 'quite', 'silly', 'doctor', 'die', 'common', 'cold', 'apparently', 'tibsod']",2,0.9657076597213745,0.03429238498210907,0.9657076597213745
1507542497505181702,2022-03-26 02:18:34+00:00,1,0,0,0,547,259,2,53468,True,https://pbs.twimg.com/media/FOvdnd7aQAIp4Mt.jpg,en,"RT @Masania11: Covid &lt; Swatch x Omega 
#moonswatch #meme #funny #japanese https://t.co/6fbEAyTXP3",Saturday,5,2,"['omega', 'moonswatch', 'meme', 'funny', 'japanese', 'fbeaytxp']",1,0.9274776577949524,0.9274776577949524,0.0725223571062088
1507542497165471745,2022-03-26 02:18:34+00:00,254,0,0,0,139,155,0,4510,True,https://pbs.twimg.com/media/FOgtE5zVsAISoEm.jpg,en,"RT @soompi: #YeoJinGoo Halts All Activities After Testing Positive For COVID-19
https://t.co/mh8C3fJPwN https://t.co/6rZ647BUvO",Saturday,5,2,"['yeojingoo', 'halt', 'activity', 'test', 'positive', 'mh', 'fjpwn']",1,0.9365861415863037,0.9365861415863037,0.0634138360619545
1507542445256548361,2022-03-26 02:18:22+00:00,98,0,0,0,1371,1767,0,141541,True,https://pbs.twimg.com/media/FOvYd4oVgAE-T8E.jpg,en,"RT @kathygriffin: 4th booster f**kers.
Oh, and CVS gave us EIGHT free Covid tests for getting boosted! https://t.co/fG6zHsayKz",Saturday,5,2,"['rt', 'booster', 'ker', 'give', 'free', 'test', 'get', 'boost', 'zhsaykz']",1,0.9498727917671204,0.9498727917671204,0.050127215683460236
1507542438851735554,2022-03-26 02:18:20+00:00,98,0,0,0,8465,9282,7,217050,True,https://pbs.twimg.com/media/FOvYd4oVgAE-T8E.jpg,en,"RT @kathygriffin: 4th booster f**kers.
Oh, and CVS gave us EIGHT free Covid tests for getting boosted! https://t.co/fG6zHsayKz",Saturday,5,2,"['rt', 'booster', 'ker', 'give', 'free', 'test', 'get', 'boost', 'zhsaykz']",1,0.9498726725578308,0.9498726725578308,0.050127360969781876
1507542384053309441,2022-03-26 02:18:07+00:00,0,0,0,0,1559,998,16,14625,True,https://pbs.twimg.com/media/FOvdzt3XIAEp9LA.jpg,en,"New Zealand's Covid-19 hospitalisation numbers have fallen sharply again, but the death toll has risen by another 20 people today, with 14,175 new community cases also reported.

#iwk #indianweekender #covid19 #nz

https://t.co/sJ7t8z3iLW https://t.co/2B1NCyLDmj",Saturday,5,2,"['new', 'zealand', 'hospitalisation', 'number', 'fall', 'sharply', 'death', 'toll', 'rise', 'people', 'today', 'new', 'community', 'case', 'also', 'report', 'indianweekender', 'ncyldmj']",2,0.9705445170402527,0.02945551462471485,0.9705445170402527
1507542376960573443,2022-03-26 02:18:06+00:00,0,0,0,0,21,367,0,33646,True,https://pbs.twimg.com/media/FOvdzZrVcAATxYq.jpg,en,Bali travel reopening to Australian tourists after COVID reveals major changes to island - 7NEWS https://t.co/DiCDMVDQBk https://t.co/FvWfQpq7Tk,Saturday,5,2,"['bali', 'travel', 'reopen', 'australian', 'tourist', 'reveal', 'major', 'change', 'island', 'news']",1,0.9532719850540161,0.9532719850540161,0.046727973967790604
1507542368408379397,2022-03-26 02:18:04+00:00,98,0,0,0,86,1641,8,35477,True,https://pbs.twimg.com/media/FOvYd4oVgAE-T8E.jpg,en,"RT @kathygriffin: 4th booster f**kers.
Oh, and CVS gave us EIGHT free Covid tests for getting boosted! https://t.co/fG6zHsayKz",Saturday,5,2,"['rt', 'booster', 'ker', 'give', 'free', 'test', 'get', 'boost', 'zhsaykz']",1,0.9498728513717651,0.9498728513717651,0.050127170979976654
1507542360896548873,2022-03-26 02:18:02+00:00,4,0,0,0,384,768,1,27114,True,https://pbs.twimg.com/media/FOvZczmXsAIKIE1.jpg,en,"RT @OVECHKlN: ""covid won't last that long""

covid: https://t.co/5DYqaqstvy",Saturday,5,2,"['last', 'long', 'dyqaqstvy']",2,0.872861921787262,0.12713806331157684,0.872861921787262
1507542348435451906,2022-03-26 02:17:59+00:00,1,2,0,0,49,282,1,685,True,https://pbs.twimg.com/media/FOvdxebakAEpqb2.jpg,en,"@NjbBari3 The Mila unit is pretty good. No covid setting but an app that gives you C02 readings as well as temp, humidity, air quality etc. The auto settings currently respond to particles not C02 but think they could easily change that with the software update https://t.co/KEUDsa1fTG",Saturday,5,2,"['mila', 'unit', 'pretty', 'good', 'set', 'app', 'give', 'reading', 'well', 'temp', 'humidity', 'air', 'quality', 'auto', 'setting', 'currently', 'respond', 'particle', 'think', 'easily', 'change', 'software', 'update']",1,0.9778400659561157,0.9778400659561157,0.02215992659330368
1507542335617388552,2022-03-26 02:17:56+00:00,98,0,0,0,2868,4174,113,188458,True,https://pbs.twimg.com/media/FOvYd4oVgAE-T8E.jpg,en,"RT @kathygriffin: 4th booster f**kers.
Oh, and CVS gave us EIGHT free Covid tests for getting boosted! https://t.co/fG6zHsayKz",Saturday,5,2,"['rt', 'booster', 'ker', 'give', 'free', 'test', 'get', 'boost', 'zhsaykz']",1,0.9498727917671204,0.9498727917671204,0.050127215683460236
1507542313140170759,2022-03-26 02:17:50+00:00,5,13,3,0,593,315,1,3293,True,https://pbs.twimg.com/media/FOvdvdVXwAcSWU0.jpg,en,2020 ice show cancelled: covid. 2021: show cancelled again. 2022: show going ahead but @FureyAndrew decided to punish the parents who he couldn‚Äôt coerce to take an experimental jab to enter the stadium. Therefore my sweet girl missed out bc she didn‚Äôt want to skate alone! üíî https://t.co/2941l4mw0f,Saturday,5,2,"['ice', 'show', 'cancel', 'show', 'cancel', 'show', 'go', 'ahead', 'decide', 'punish', 'parent', 'coerce', 'take', 'experimental', 'jab', 'enter', 'stadium', 'therefore', 'sweet', 'girl', 'miss', 'want', 'skate', 'alone']",2,0.979422926902771,0.02057707868516445,0.979422926902771
1507542254365208578,2022-03-26 02:17:36+00:00,1,1,0,0,64,11,0,149525,True,https://pbs.twimg.com/media/FOvdsJaVcAAaf0d.jpg,en,7 Day US Covid Confirmed Cases by County  For OK   2022-03-22:  Latest Covid Insights by Our Analytics Team using USAFacts #datavisualization #datascience #analytics #healthtech #data #covid19 #publichealth #covid #globalhealth #RStats https://t.co/2ZFRjLgv74,Saturday,5,2,"['day', 'confirm', 'case', 'county', 'late', 'insight', 'analytic', 'team', 'use', 'usafact', 'datascience', 'analytic', 'healthtech', 'datum', 'publichealth', 'globalhealth', 'rstat', 'zfrjlgv']",2,0.9734247326850891,0.026575211435556412,0.9734247326850891
1507542236543668226,2022-03-26 02:17:32+00:00,0,0,0,0,139,669,7,2482,True,https://pbs.twimg.com/media/FOvdbH1UYAIv_Oy.jpg,en,"@thelittlesnft @BokiNFT Kazakhstan before COVID broke. 9th largest country in the world with such varied landscapes. 

0x81BAb06eaacb1D4Fb6A5546Cdd9399A16E08037f https://t.co/2JCoX6hfes",Saturday,5,2,"['break', 'th', 'large', 'country', 'world', 'varied', 'eaacb']",1,0.9330941438674927,0.9330941438674927,0.06690584868192673
1507542208148393986,2022-03-26 02:17:25+00:00,62,0,0,0,125,1256,4,2298,True,https://pbs.twimg.com/media/FOtsyRgVIAMj7IY.jpg,en,RT @albyandvino: @GovRonDeSantis Florida has more covid deaths than the whole country of Canada https://t.co/yLH5crFCXo,Saturday,5,2,"['death', 'whole', 'country']",2,0.8576858639717102,0.14231416583061218,0.8576858639717102
1507542182341017602,2022-03-26 02:17:19+00:00,1,0,0,0,14,49,0,420,True,https://pbs.twimg.com/media/FOvdnd7aQAIp4Mt.jpg,en,"Covid &lt; Swatch x Omega 
#moonswatch #meme #funny #japanese https://t.co/6fbEAyTXP3",Saturday,5,2,"['swatch', 'omega', 'moonswatch', 'meme', 'funny', 'japanese', 'fbeaytxp']",1,0.9364043474197388,0.9364043474197388,0.06359565258026123
1507542149906239489,2022-03-26 02:17:11+00:00,0,0,0,0,191,543,1,8117,True,https://pbs.twimg.com/media/FOvdijDXwAIrDVy.jpg,en,"In Ontario, as of today, ""boosted"" people are 76% more likely to have COVID than ""not fully vaccinated"". Think about that while sitting on the plane next to your ""vax'd"" yet more likely diseased fellow travelers. https://t.co/e6dpkFpf9D",Saturday,5,2,"['today', 'boost', 'people', 'likely', 'fully', 'vaccinated', 'think', 'sit', 'plane', 'vaxd', 'yet', 'likely', 'diseased', 'fellow', 'traveler', 'dpkfpf']",1,0.9679691791534424,0.9679691791534424,0.032030876725912094
1507542033581367296,2022-03-26 02:16:44+00:00,0,13,2,0,16660,460,102,22945,True,https://pbs.twimg.com/media/FOvdfSDWYAIDlnn.jpg,en,Long COVID brain fog is real. https://t.co/vv5plt6xWz,Saturday,5,2,"['long', 'brain', 'fog', 'real']",2,0.89775151014328,0.10224843770265579,0.89775151014328
1507542011930640384,2022-03-26 02:16:39+00:00,0,0,0,0,796,48,4,16901,True,https://pbs.twimg.com/media/FOvdRSiagAAcKy8.jpg,en,"New Covid-19 cases by category as of Mar 25:
CAT 1 - 43.05%
CAT 2 - 56.31%
CAT 3 - 0.28%
CAT 4 - 0.19%
CAT 5 - 0.17%

R0 increased to 0.92 yesterday.

@DGHisham
@KKMPutrajaya
 
Read more: https://t.co/K8vS5iQlXR https://t.co/BlVQZb8Kqr",Saturday,5,2,"['new', 'case', 'category', 'cat', 'cat', 'cat', 'cat', 'cat', 'increase', 'yesterday', 'read']",1,0.7955653667449951,0.7955653667449951,0.2044345736503601
1507542010999160840,2022-03-26 02:16:38+00:00,98,0,0,0,3149,4156,102,108170,True,https://pbs.twimg.com/media/FOvYd4oVgAE-T8E.jpg,en,"RT @kathygriffin: 4th booster f**kers.
Oh, and CVS gave us EIGHT free Covid tests for getting boosted! https://t.co/fG6zHsayKz",Saturday,5,2,"['rt', 'booster', 'ker', 'give', 'free', 'test', 'get', 'boost', 'zhsaykz']",1,0.9498727321624756,0.9498727321624756,0.050127238035202026
1507542006125539335,2022-03-26 02:16:37+00:00,98,0,0,0,1663,2552,18,60233,True,https://pbs.twimg.com/media/FOvYd4oVgAE-T8E.jpg,en,"RT @kathygriffin: 4th booster f**kers.
Oh, and CVS gave us EIGHT free Covid tests for getting boosted! https://t.co/fG6zHsayKz",Saturday,5,2,"['rt', 'booster', 'ker', 'give', 'free', 'test', 'get', 'boost', 'zhsaykz']",1,0.9498727917671204,0.9498727917671204,0.05012720078229904
